{"cameraMode":{"drawMode":0,"name":"Shaded","section":"Shading Mode"},"sceneLighting":true,"audioPlay":false,"sceneViewState":{"m_AlwaysRefresh":false,"showFog":true,"showSkybox":true,"showFlares":true,"showImageEffects":true,"showParticleSystems":true,"showVisualEffectGraphs":true,"m_FxEnabled":true},"in2DMode":false,"pivot":{"x":0.6889004707336426,"y":1.7452869415283204,"z":-0.72810959815979},"rotation":{"x":0.09321025013923645,"y":0.3749435842037201,"z":-0.037922851741313937,"w":0.9215707182884216},"size":2.056077480316162,"orthographic":false}