{"cameraMode":{"drawMode":0,"name":"Shaded","section":"Shading Mode"},"sceneLighting":true,"audioPlay":false,"sceneViewState":{"m_AlwaysRefresh":false,"showFog":true,"showSkybox":true,"showFlares":true,"showImageEffects":true,"showParticleSystems":true,"showVisualEffectGraphs":true,"m_FxEnabled":true},"in2DMode":false,"pivot":{"x":1.5340278148651124,"y":3.07814359664917,"z":-0.688779354095459},"rotation":{"x":0.07034283131361008,"y":0.2729310691356659,"z":-0.020014306530356408,"w":0.9592505097389221},"size":3.4975409507751467,"orthographic":false}